date,port,metric,value,unit,source
2026-07-20,秦皇岛港,库存,549.6,万吨,示例数据
2026-07-27,秦皇岛港,库存,575.6,万吨,示例数据
2026-08-03,秦皇岛港,库存,589.1,万吨,示例数据
2026-08-10,秦皇岛港,库存,601.1,万吨,示例数据
2026-08-17,秦皇岛港,库存,595.6,万吨,示例数据
2026-08-24,秦皇岛港,库存,577.9,万吨,示例数据
2026-08-31,秦皇岛港,库存,575.6,万吨,示例数据
2026-09-07,秦皇岛港,库存,535.2,万吨,示例数据
2026-09-14,秦皇岛港,库存,521.1,万吨,示例数据
2026-09-21,秦皇岛港,库存,523.5,万吨,示例数据
2026-07-20,曹妃甸港,库存,505.1,万吨,示例数据
2026-07-27,曹妃甸港,库存,507.6,万吨,示例数据
2026-08-03,曹妃甸港,库存,494.3,万吨,示例数据
2026-08-10,曹妃甸港,库存,488.9,万吨,示例数据
2026-08-17,曹妃甸港,库存,479.4,万吨,示例数据
2026-08-24,曹妃甸港,库存,452.4,万吨,示例数据
2026-08-31,曹妃甸港,库存,448.8,万吨,示例数据
2026-09-07,曹妃甸港,库存,430.6,万吨,示例数据
2026-09-14,曹妃甸港,库存,444.8,万吨,示例数据
2026-09-21,曹妃甸港,库存,443.3,万吨,示例数据
2026-07-20,京唐港,库存,355.6,万吨,示例数据
2026-07-27,京唐港,库存,353.8,万吨,示例数据
2026-08-03,京唐港,库存,341.6,万吨,示例数据
2026-08-10,京唐港,库存,330.1,万吨,示例数据
2026-08-17,京唐港,库存,323.6,万吨,示例数据
2026-08-24,京唐港,库存,314.6,万吨,示例数据
2026-08-31,京唐港,库存,314.4,万吨,示例数据
2026-09-07,京唐港,库存,328.8,万吨,示例数据
2026-09-14,京唐港,库存,331.4,万吨,示例数据
2026-09-21,京唐港,库存,344.4,万吨,示例数据
2026-07-20,黄骅港,库存,207.5,万吨,示例数据
2026-07-27,黄骅港,库存,199.4,万吨,示例数据
2026-08-03,黄骅港,库存,192.5,万吨,示例数据
2026-08-10,黄骅港,库存,193,万吨,示例数据
2026-08-17,黄骅港,库存,187.5,万吨,示例数据
2026-08-24,黄骅港,库存,196.7,万吨,示例数据
2026-08-31,黄骅港,库存,197.8,万吨,示例数据
2026-09-07,黄骅港,库存,208.8,万吨,示例数据
2026-09-14,黄骅港,库存,213.3,万吨,示例数据
2026-09-21,黄骅港,库存,219.3,万吨,示例数据
2026-07-20,动力煤5500K,价格,612,元/吨,示例数据
2026-07-27,动力煤5500K,价格,626,元/吨,示例数据
2026-08-03,动力煤5500K,价格,638,元/吨,示例数据
2026-08-10,动力煤5500K,价格,639,元/吨,示例数据
2026-08-17,动力煤5500K,价格,646,元/吨,示例数据
2026-08-24,动力煤5500K,价格,648,元/吨,示例数据
2026-08-31,动力煤5500K,价格,633,元/吨,示例数据
2026-09-07,动力煤5500K,价格,627,元/吨,示例数据
2026-09-14,动力煤5500K,价格,603,元/吨,示例数据
2026-09-21,动力煤5500K,价格,593,元/吨,示例数据
