period,variety,value_10kt,yoy_pct,amount_usd,source
2025-07,煤及褐煤,3687.5,2.8,,示例数据
2025-07,炼焦煤,1035.2,-4.3,,示例数据
2025-08,煤及褐煤,3796,0.1,,示例数据
2025-08,炼焦煤,1093.8,-7.7,,示例数据
2025-09,煤及褐煤,3803.5,-3,,示例数据
2025-09,炼焦煤,1069.7,15,,示例数据
2025-10,煤及褐煤,3929.8,11.8,,示例数据
2025-10,炼焦煤,1023.9,4,,示例数据
2025-11,煤及褐煤,4010.5,-10.8,,示例数据
2025-11,炼焦煤,977.9,-13.4,,示例数据
2025-12,煤及褐煤,3861.2,9.4,,示例数据
2025-12,炼焦煤,877.2,-10.2,,示例数据
2026-01,煤及褐煤,3874,-11.1,,示例数据
2026-01,炼焦煤,809.1,11,,示例数据
2026-02,煤及褐煤,3633.1,2.4,,示例数据
2026-02,炼焦煤,828.9,9.9,,示例数据
2026-03,煤及褐煤,3630.9,-5.7,,示例数据
2026-03,炼焦煤,769.9,-16.4,,示例数据
2026-04,煤及褐煤,3391.3,1.5,,示例数据
2026-04,炼焦煤,808.1,-13.3,,示例数据
2026-05,煤及褐煤,3373,9.5,,示例数据
2026-05,炼焦煤,900,-7.8,,示例数据
2026-06,煤及褐煤,3204.2,7.2,,示例数据
2026-06,炼焦煤,913.2,11.2,,示例数据
2026-07,煤及褐煤,3255,14.1,,示例数据
2026-07,炼焦煤,1005,-9.9,,示例数据
2026-08,煤及褐煤,3385.8,1.3,,示例数据
2026-08,炼焦煤,1090,-3.7,,示例数据
